nom;prenom;matricule;date_de_naissance;rue;code;ville;telephone;email
Camille;Collin;"boulevard Claire Lebon
75938 Carre";25/05/1940;chemin de Rossi;41157;Saône-et-Loire;+33 (0)3 26 65 93 87;qdijoux@levy.com
Michelle;Alexandre;"45, chemin de Fischer
39332 PonsBourg";29/04/1932;571, chemin de Munoz;85839;Haute-Saône;367196593;julien32@raymond.org
Christelle;Muller;"12, boulevard Normand
84833 Humbert-sur-Delorme";01/11/1958;25, boulevard Gabriel Coulon;33041;Territoire de Belfort;+33 3 44 25 60 12;benjaminbaudry@michel.net
Julie;Bruneau;"6, rue Seguin
32173 Saint Émilie";22/04/1979;5, rue Guérin;56208;Nord;+33 (0)4 56 16 34 57;marthemaillet@gosselin.com
Camille;Renard;"81, rue de Richard
69845 Descamps-la-Forêt";05/04/1942;8, rue de Daniel;84237;Loiret;481599246;fgilles@valentin.fr
Hugues;Dupuis;"76, avenue Boutin
02714 Cohen";07/03/1993;190, chemin Thierry Bigot;63812;Aisne;04 82 65 03 00;aubertgeorges@hernandez.com
Eugène;Ollivier;"1, avenue Susanne Ferreira
28512 Moreau";19/02/1927;chemin Pascal;59097;Essonne;04 72 65 82 36;alain22@le.fr
Sophie;Tessier;"500, rue Guillon
56824 Sainte Nath-sur-Mer";12/12/1927;28, avenue Victoire Boulanger;61187;Oise;562517176;hernandezxavier@brun.fr
Susan;Riou;"rue Bouvet
06016 Paul-la-Forêt";05/06/1982;236, rue Raymond Mary;63511;Yonne;+33 (0)4 11 73 17 64;lucydupont@ferrand.net
Céline;Hoareau;"81, boulevard Lebon
87577 Allard";26/02/1951;chemin Thérèse Lebrun;82492;Lozère;492711801;gillesfournier@garcia.fr
Vincent;Renard;"95, boulevard Constance Fontaine
89163 Regnier";31/03/1978;49, rue Traore;48945;Ariège;05 79 44 66 60;lucyrodriguez@renault.com
Auguste;Leduc;"29, rue de Benard
09767 Saint Charlotte";24/12/1941;boulevard Maurice;51853;Maine-et-Loire;01 79 09 79 51;simone26@vallet.com
Diane;Roche;"45, chemin Sophie Lefort
00740 Martineau-sur-Mer";20/08/1952;boulevard de Rocher;84126;Sarthe;01 72 16 11 62;cohenaurore@martinez.fr
Victor;Mace;"rue Gérard Pelletier
55203 Guérin";18/11/1940;4, rue de Letellier;45093;Corrèze;+33 3 70 17 54 20;agnesdaniel@klein.org
Françoise;Bousquet;"911, chemin de Barbier
22358 Gomez";31/05/1946;16, boulevard Lefebvre;11264;Haute-Saône;04 99 29 64 51;capucinelefort@diaz.com
Alexandria;Lejeune;"47, chemin Charlotte Robin
14189 Boutin";06/02/1982;76, rue De Sousa;82571;Orne;+33 2 78 07 97 03;gabriel48@lamy.com
Margaret;Mahe;"14, chemin Laroche
04689 HebertBourg";05/10/1955;23, rue Charles;85183;Martinique;+33 1 60 64 48 29;elisabethduval@couturier.fr
Nicole;Merle;"35, rue Grenier
66972 Laroche-la-Forêt";26/07/1969;46, avenue Marine Charrier;70742;Val-d'Oise;01 53 93 05 76;lainedaniel@torres.fr
Aimé;Alves;"rue de Dupuy
32943 Sainte Célineboeuf";29/08/1973;76, avenue Neveu;85232;Morbihan;540667633;lmartins@chevallier.net
Luce;Clément;"3, boulevard Léger
84567 Sainte Inès";02/04/1983;47, chemin Augustin Bertrand;25040;Cher;+33 (0)5 36 63 96 83;volivier@seguin.fr
Tristan;Regnier;"90, rue Tessier
38533 Maillet";22/05/1962;864, rue Benjamin Schneider;7770;Haute-Marne;03 71 71 11 31;antoinettebenoit@raymond.com
Thérèse;Launay;"rue Camus
24556 Sainte Juliette-sur-Mer";02/10/1961;997, chemin de Maillard;1912;Seine-Saint-Denis;02 53 34 08 86;rivierealice@lemaire.fr
Michel;Parent;"91, chemin Nicolas Besson
49220 Bodinboeuf";30/04/1971;3, rue Joseph Gros;23793;Gard;+33 5 54 36 59 92;nnicolas@laine.fr
Claudine;Pineau;"boulevard Guibert
77851 Dos Santos";27/01/1976;55, rue Marc Morel;35734;Loire-Atlantique;+33 2 90 05 98 02;alphonse70@guillot.com
Maurice;Guibert;"chemin Dupré
23762 Langlois";17/06/1945;76, avenue Aubry;9166;Côte-d'Or;+33 (0)3 85 29 82 15;zoeschmitt@simon.com
Michelle;Chevalier;"8, rue de Bonneau
45600 Blancboeuf";21/03/1961;47, chemin de Goncalves;54760;Jura;426708984;pineauanastasie@antoine.fr
Bernard;Lefebvre;"5, boulevard de Boutin
38856 Guillaume";02/03/1937;93, chemin de Goncalves;50909;Corse-du-Sud;328445769;apicard@colas.com
Zacharie;Petit;"49, boulevard Lamy
28212 Masson-sur-Bodin";04/05/1995;56, chemin Alexandre Gilbert;48885;Haute-Loire;+33 4 89 62 08 29;dalves@guilbert.net
Alfred;Étienne;"85, rue Masse
42619 Gomezdan";22/08/1990;4, avenue François;64465;Yvelines;174407043;bcollin@grenier.com
Isabelle;Turpin;"59, rue Anastasie Reynaud
01955 Saint Laurent";17/06/1936;670, chemin Carlier;46292;Marne;387022270;berthelotmarie@arnaud.fr
Susanne;Mary;"rue de Aubry
45448 Meyerdan";09/08/1996;3, boulevard de Fontaine;13793;Nièvre;+33 4 90 52 78 08;paulzacharie@becker.com
Aurélie;Raynaud;"75, chemin de Bousquet
25022 Sainte Julie";11/09/1947;rue Marthe Langlois;9251;Haute-Marne;+33 (0)3 66 59 94 49;lpasquier@de.net
Amélie;Andre;"rue Marty
26905 Lenoirdan";27/03/1986;boulevard Maréchal;8115;Loiret;+33 (0)3 75 02 84 00;kmarques@renard.net
Laurence;Boulanger;"40, chemin Boulanger
35326 Marchal-les-Bains";25/12/1973;3, rue de Torres;22005;Hautes-Pyrénées;+33 (0)1 46 01 99 22;amichel@duhamel.fr
Michèle;Hoarau;"738, rue Cordier
16637 Jeannec";19/01/1954;26, chemin Édith Guichard;99734;Alpes-Maritimes;582618026;lecoqastrid@lesage.com
Michèle;Jacques;"85, rue Jeanne Jacquet
55257 ChrétienVille";05/01/1948;69, avenue Luce Dupont;86064;Lozère;+33 3 24 22 19 52;perrethortense@barthelemy.com
Lucy;Lacombe;"382, rue Gaillard
08275 Guyon-sur-Hervé";30/12/1966;7, rue Zacharie Techer;82684;Gard;03 24 67 84 66;normandhonore@thomas.com
Marthe;Merle;"581, boulevard de Roy
10015 PrévostBourg";25/12/1982;447, boulevard Courtois;82028;Haute-Marne;+33 3 66 64 09 26;brigittemoreno@mallet.fr
Xavier;Rey;"boulevard François Royer
86742 Gimenez";18/12/1970;39, rue Daniel Martel;96814;Orne;+33 5 54 14 25 12;chartierguillaume@robert.fr
Michèle;Blot;"255, rue de Guillot
74430 Monnierboeuf";08/11/1933;boulevard Audrey Jean;62343;Val-d'Oise;04 77 54 69 21;gmonnier@rolland.fr
Louise;Pelletier;"56, avenue Klein
72532 Didier";03/07/1952;avenue de Perrier;87993;Vienne;03 85 47 35 80;georgestimothee@dumas.fr
Benoît;Bruneau;"5, chemin Colin
25030 Sainte Élisabeth";29/12/1921;4, avenue Philippe;89618;Côtes-d'Armor;+33 2 48 66 70 63;csalmon@leroy.fr
Maryse;Tessier;"92, chemin Henry
40292 Guillaumeboeuf";28/10/1948;981, avenue Denis;72785;Charente-Maritime;02 55 61 98 53;wmenard@becker.fr
André;Cohen;"47, rue Philippe Martel
23745 Joseph-les-Bains";22/06/1992;4, boulevard Louise Maillet;2505;Deux-Sèvres;+33 5 31 76 36 73;anaisrousseau@samson.net
Monique;Millet;"799, boulevard Teixeira
97037 Prévost-sur-Berthelot";09/02/1948;rue Lucas;79318;Meurthe-et-Moselle;594573258;michelle76@dupre.fr
Camille;Bigot;"31, avenue Mathilde Gimenez
50063 Sainte Isabellenec";27/12/1994;3, avenue de Ruiz;88119;Seine-Saint-Denis;05 17 03 69 54;valletalphonse@bonneau.fr
Honoré;Turpin;"avenue de Lopes
66853 Aubry-sur-Blanc";15/05/1927;89, boulevard Voisin;56016;Seine-et-Marne;+33 5 19 20 16 30;remy61@klein.fr
Laetitia;Diaz;"680, boulevard de Garcia
70452 Perrin";06/10/1997;5, rue de Dijoux;92708;Mayotte;+33 3 24 18 32 36;julierocher@leveque.com
René;Mace;"83, rue Robert Guilbert
15450 Saint StéphaneBourg";14/01/1944;93, chemin de Pons;68861;Aude;02 99 24 36 40;petitlucie@garnier.fr
Timothée;Lévy;"rue de Jacquot
49066 Guillon";23/01/1952;88, rue Audrey Besson;80376;Alpes-de-Haute-Provence;+33 1 70 41 22 70;edith61@didier.fr
Aurore;Georges;"453, rue Hernandez
28480 Rey";08/03/1978;93, boulevard Bazin;38407;Doubs;+33 (0)3 59 26 86 36;ihenry@rossi.com
Alain;Letellier;"57, chemin Margaud Delaunay
12933 Saint Danielle";03/07/1930;83, rue de Brunel;9255;Lot;385420739;emaillot@besnard.com
Christelle;Collet;"766, boulevard de Léger
36348 Grégoire";20/06/1940;888, chemin Aurore Hernandez;80347;Vosges;+33 (0)1 41 39 14 03;lauregiraud@bourdon.org
Alain;Parent;"rue de Ruiz
67551 Lesage-sur-Ferreira";29/09/1924;9, chemin Nicole Guillaume;35227;Vaucluse;+33 4 65 98 69 30;nguyenjosette@imbert.com
Constance;Clément;"49, rue de Maillot
54779 Dupuy";25/12/1931;91, boulevard Michèle Lebon;62962;Haute-Vienne;+33 (0)4 44 12 74 16;robert15@petit.com
Philippine;Dos Santos;"17, rue Émile Boutin
93036 Saint Joséphine";26/09/1975;746, rue de Bernier;82823;Paris;+33 5 58 19 74 44;annepottier@bousquet.com
Alain;Riou;"38, chemin Robert
25911 Guillaume";06/12/1955;87, boulevard de Clément;57668;Orne;03 89 13 26 85;davidmeunier@fontaine.com
Margot;Mercier;"85, boulevard Sylvie Julien
85380 Poulainboeuf";08/02/1991;boulevard Garnier;15693;Rhône;+33 (0)3 89 81 09 50;jules54@guillet.fr
Adrien;Jourdan;"35, avenue Laine
64973 Sainte Laurence";24/12/1944;65, boulevard Pauline Techer;86635;Lozère;251343895;mgomez@ferrand.com
Tristan;Berger;"228, avenue Lucas Jacquot
95931 Mahe-sur-Mer";11/05/1961;48, avenue Thomas Foucher;3392;Saône-et-Loire;01 70 48 47 65;hvincent@daniel.org
Laetitia;Fouquet;"667, rue Pages
18098 Peron";31/05/1934;10, chemin Robin;29983;Ille-et-Vilaine;228293223;clemence42@martins.com
Grégoire;Dupré;"19, boulevard Margaux Voisin
41949 Thomas";24/11/1940;306, avenue Tanguy;85327;Landes;02 49 43 15 74;elise94@renault.com
Jérôme;Mallet;"9, avenue Meunier
48321 Besnard";21/11/1965;705, avenue de Dias;89204;Yvelines;03 89 96 37 36;pereiraelise@riviere.fr
Océane;Guibert;"rue Guillot
96618 Laine";04/06/1948;41, boulevard Dumont;89896;Seine-Maritime;05 81 47 90 55;martineweiss@philippe.net
Diane;Normand;"rue De Sousa
19446 Gallet";11/11/1961;2, chemin Juliette Loiseau;32630;Pas-de-Calais;219852185;maggie15@bourgeois.fr
Manon;Pages;"3, rue Sébastien Lombard
83975 Mary";09/08/1941;44, rue Joly;86204;Guadeloupe;04 38 15 11 73;martinezmathilde@turpin.org
Martine;Guilbert;"91, avenue Delahaye
03292 Ledoux";15/12/2001;21, rue Richard Loiseau;94960;Territoire de Belfort;+33 (0)2 19 70 55 46;ssimon@lecomte.com
Paul;Barbe;"50, boulevard Diane Lévy
59863 Gauthier";18/12/1981;53, rue Alexandrie Rodrigues;6704;Hautes-Pyrénées;03 73 99 83 20;franck64@vallee.fr
Gilles;Raynaud;"40, chemin Mathilde Munoz
06459 Rémy";22/03/1977;4, avenue Capucine Giraud;66659;Calvados;+33 (0)4 30 72 10 86;zgomez@de.org
Joséphine;Picard;"618, rue Martin
55733 Laroche";28/02/1999;38, avenue Alexandre Henry;15348;Cantal;596118940;virginiemasson@hebert.fr
Raymond;Lemonnier;"708, rue Roussel
16346 Barthelemy";20/04/2002;752, rue de Pruvost;93458;Landes;04 69 74 54 22;celinabreton@guichard.org
Margot;Hoarau;"boulevard Thérèse Vidal
69582 Sainte Antoinette";08/12/1984;40, rue de Mercier;21886;Yvelines;243160875;philippelaetitia@salmon.fr
Caroline;Fischer;"rue Perrot
66347 LenoirVille";28/07/1980;37, avenue Anastasie Delannoy;78546;Haute-Savoie;+33 3 24 06 77 41;vincentgrondin@laurent.fr
Honoré;Vidal;"rue Texier
32086 Colin-la-Forêt";23/05/1975;18, avenue Barbier;17444;Manche;+33 (0)4 49 45 71 04;cecilecouturier@levy.net
Alexandria;Mercier;"rue Tessier
44000 Bertrand-sur-Meyer";20/03/2002;31, boulevard Dufour;11913;Bouches-du-Rhône;03 64 11 77 82;dos-santosdominique@chauveau.fr
Danielle;Dumont;"408, avenue Guichard
89864 Moreno";02/11/1933;565, boulevard Alix Lefebvre;2432;Creuse;+33 (0)5 58 77 24 42;giraudmargaux@letellier.fr
Luc;Lefort;"52, rue Luce Ferreira
56146 HamonVille";26/07/1966;70, chemin de Merle;40415;Var;01 34 43 24 58;picardcolette@duhamel.com
Anouk;Renault;"1, rue de Boulanger
63983 Saint Cécile";16/10/1995;69, chemin Gabriel Pires;65273;Hauts-de-Seine;05 24 90 39 76;jrenard@weber.fr
Valérie;Gallet;"3, rue de Hernandez
12426 Barbe";13/09/1978;867, chemin Texier;44469;Hautes-Pyrénées;+33 (0)3 84 88 36 46;simonarnaude@lopes.com
Antoine;Teixeira;"88, avenue de Berthelot
92909 Lacroix";12/04/1963;4, rue Seguin;27572;Pas-de-Calais;382583058;anais89@le.com
William;Andre;"1, avenue Denis Baudry
27929 Faure";18/07/1962;67, chemin Henry;91449;Lot;+33 5 32 07 66 31;fda-costa@laroche.fr
Alexandria;Rodrigues;"53, rue Turpin
54753 Pinto";27/09/1938;83, rue Regnier;52152;Hérault;478116554;paulette03@riou.com
Jean;Pascal;"91, rue Bernard Hoareau
67722 Saint Henri";04/09/1937;214, boulevard de Roussel;46287;Yonne;524526422;lecomtelucie@parent.fr
Margaux;Robin;"84, rue Lévêque
73312 GayBourg";22/06/1970;6, rue Gomez;75978;Vaucluse;533409924;constancelevy@langlois.com
Frédéric;Rousseau;"989, avenue de Humbert
95357 Dijoux";04/12/1924;12, boulevard Moreau;10543;Guyane;+33 (0)4 81 03 25 68;astrid36@godard.net
Hélène;Robert;"7, rue Andre
54475 Pasquierdan";02/04/1966;947, avenue Marguerite Daniel;40374;Marne;04 99 22 73 29;denisdupuy@coste.fr
Gérard;Leduc;"11, rue de Boutin
19229 Imbert";03/04/1970;2, avenue Gilbert Daniel;93997;Seine-et-Marne;175261322;robert52@lacombe.fr
Émilie;Roussel;"1, chemin Gay
56915 Sainte Juliedan";16/10/1961;60, rue Emmanuel Vaillant;70922;Val-de-Marne;483716474;lebonandre@masson.com
Susan;Ribeiro;"827, boulevard Germain
60429 Chevalier";13/09/1978;38, chemin Gilles Jacquot;92113;Cantal;+33 3 79 30 65 45;capucine80@cohen.fr
Camille;Hubert;"boulevard de Chauveau
53954 Schmitt";20/08/1959;6, avenue de Meyer;49260;Vendée;+33 (0)5 56 26 61 19;elisemercier@breton.com
Pénélope;Roy;"890, rue Élise Bonnet
10093 Teixeira";02/07/1948;29, chemin Morvan;95483;Haute-Savoie;140965154;valentine14@benard.com
Virginie;Clerc;"rue Valentine Perret
40297 MercierVille";01/05/1927;avenue Jacob;38100;Manche;05 54 42 60 56;denisehamon@labbe.fr
Denise;Lombard;"37, rue de Lecomte
31455 Meunier";11/12/1945;14, rue Olivie Colas;26366;Charente-Maritime;05 94 95 09 83;denisealexandre@hubert.com
Élodie;Masson;"60, rue Legendre
86405 Bertrand";25/06/1991;59, rue Odette Menard;35147;Lot-et-Garonne;155415435;olivierbourgeois@pottier.org
Margot;Roy;"9, rue de Joubert
14384 Saint Constancenec";15/08/1996;22, chemin Jérôme Vallée;38931;Orne;+33 3 27 64 51 27;corinne21@marechal.fr
Timothée;Bourdon;"14, rue Célina Allain
11634 Sainte Lorraine-la-Forêt";13/01/1995;rue de Antoine;85332;Var;+33 (0)1 80 89 24 57;auroremerle@joseph.fr
Jules;Samson;"91, boulevard Paul Henry
78974 Chauvet";17/09/1933;7, boulevard Mathilde Leblanc;95417;Charente-Maritime;+33 (0)4 80 17 45 47;le-goffnath@diaz.net
Sylvie;Benard;"13, boulevard Élise Le Gall
90815 Sainte Guy";31/12/1933;9, rue Odette Bègue;39136;Landes;142174632;kdubois@brun.com
Éric;Lemaître;"83, chemin Geneviève Besson
79803 Traore";12/05/1950;3, rue Brunel;99677;Manche;+33 (0)4 98 98 58 32;francoise46@albert.net
Anaïs;Aubry;"6, chemin de Grenier
77194 Lagarde";03/10/1931;15, chemin Pruvost;83900;Allier;516718073;denise44@vallet.fr
Christiane;Le Gall;"boulevard de Brunel
15126 Charlesboeuf";06/04/1959;92, avenue Raymond Ollivier;12804;Lot;328065247;gimenezcorinne@julien.org
Patricia;Legendre;"rue Susan Pons
59447 Sainte Hugues";01/08/1954;11, avenue Sophie Hoareau;50074;Eure;+33 3 73 16 80 41;bertranddubois@briand.org
Suzanne;Mercier;"654, rue Rousset
78065 Saint Michelle";02/12/1936;90, rue Susanne Auger;97876;Creuse;02 57 20 54 54;anaisthomas@gosselin.com
Grégoire;Joseph;"10, rue de Delorme
12282 PerrierVille";20/08/1971;19, boulevard Dubois;55195;Lot;+33 (0)3 58 35 94 23;josephinedufour@julien.com
Laetitia;Gaillard;"84, avenue Humbert
15242 Pons";22/05/1932;64, avenue Leclerc;29796;Vaucluse;+33 5 24 05 20 76;rouxamelie@ferrand.net
Aurore;Bernard;"777, avenue Charles Ruiz
25189 Lerouxnec";20/05/1952;14, chemin Christiane Lévêque;49072;Hérault;+33 3 44 04 96 30;dominiqueraynaud@lucas.org
Michelle;Bousquet;"89, avenue Juliette Wagner
09665 Blanchard";12/11/1960;46, rue Marine Vidal;70638;Indre-et-Loire;01 77 44 22 34;isaacperrot@verdier.com
François;Marchand;"34, chemin Baudry
16459 Hardy-la-Forêt";13/01/1936;600, avenue de Seguin;59316;Mayenne;+33 (0)4 50 48 52 00;alicemarchal@guichard.fr
Élodie;Delannoy;"boulevard de Olivier
58620 Saint Lucieboeuf";30/08/1949;416, rue François Pages;43236;Meuse;+33 5 67 30 84 63;chretienlaetitia@couturier.fr
Philippe;Grégoire;"139, rue de Aubry
10155 Sainte Eugène-sur-Mer";14/08/1962;2, avenue Henri Germain;23209;Ardèche;03 79 88 36 33;le-rouxjerome@henry.fr
Catherine;Renaud;"83, rue de Marion
96564 Brun-les-Bains";06/02/1995;4, chemin de Normand;4736;Eure-et-Loir;443505060;bouvetbenoit@cordier.org
Catherine;Rémy;"71, rue Susanne Maillot
05190 LombardBourg";05/05/1999;4, boulevard de Bouchet;11212;Haute-Saône;+33 2 49 79 46 30;osanchez@carlier.fr
Christophe;Hoarau;"avenue Maillet
64938 Sainte Honoré";04/07/1988;520, boulevard Christiane Martineau;96583;Ariège;579883543;smaillard@breton.fr
Zoé;Guillaume;"23, avenue Joubert
53673 Barbe";29/12/1970;8, rue Jacques Riou;84406;Manche;+33 1 43 92 06 65;ymace@da.com
Emmanuel;Da Silva;"632, rue Corinne Klein
31429 Hoarau";08/09/1939;rue de Pichon;48067;Yvelines;+33 1 46 20 86 51;andre78@poirier.fr
Catherine;Camus;"9, rue de Hardy
86543 Lopez-sur-Julien";11/05/1959;boulevard de Mary;17075;Gers;02 32 08 22 63;josette89@vincent.com
Henriette;Lecoq;"59, boulevard Vincent Besson
17811 Gaillard";18/05/1967;58, chemin de Toussaint;48081;Vaucluse;04 78 19 67 11;jtecher@guyon.com
Anouk;Guilbert;"54, rue Couturier
85938 Saint Capucine";21/05/1990;98, rue Jacquet;40854;Maine-et-Loire;+33 1 46 39 43 74;dupontaurelie@dias.com
;;;;;;;;
;;;;;;;;
;;;;;;;;
;;;;;;;;
;;;;;;;;
;;;;;;;;
;;;;;;;;
;;;;;;;;
;;;;;;;;
;;;;;;;;
;;;;;;;;
;;;;;;;;
;;;;;;;;
;;;;;;;;
;;;;;;;;
;;;;;;;;
;;;;;;;;
;;;;;;;;
;;;;;;;;
;;;;;;;;
;;;;;;;;
;;;;;;;;
;;;;;;;;
;;;;;;;;
;;;;;;;;
;;;;;;;;
;;;;;;;;
;;;;;;;;
;;;;;;;;
;;;;;;;;
;;;;;;;;
;;;;;;;;
;;;;;;;;
;;;;;;;;
;;;;;;;;
;;;;;;;;
;;;;;;;;
;;;;;;;;
;;;;;;;;
;;;;;;;;
;;;;;;;;
;;;;;;;;
;;;;;;;;
;;;;;;;;
;;;;;;;;
;;;;;;;;
;;;;;;;;
;;;;;;;;
;;;;;;;;
;;;;;;;;
;;;;;;;;
;;;;;;;;
;;;;;;;;
;;;;;;;;
;;;;;;;;
;;;;;;;;
;;;;;;;;
;;;;;;;;
;;;;;;;;
;;;;;;;;
;;;;;;;;
;;;;;;;;
;;;;;;;;
;;;;;;;;
;;;;;;;;
;;;;;;;;
;;;;;;;;
;;;;;;;;
;;;;;;;;
;;;;;;;;
;;;;;;;;
;;;;;;;;
;;;;;;;;
;;;;;;;;
;;;;;;;;
;;;;;;;;
;;;;;;;;
;;;;;;;;
;;;;;;;;
;;;;;;;;
;;;;;;;;
;;;;;;;;
;;;;;;;;
;;;;;;;;
;;;;;;;;
;;;;;;;;
;;;;;;;;
;;;;;;;;
;;;;;;;;
;;;;;;;;
;;;;;;;;
;;;;;;;;
;;;;;;;;
;;;;;;;;
;;;;;;;;
;;;;;;;;
;;;;;;;;
;;;;;;;;
;;;;;;;;
;;;;;;;;
;;;;;;;;
;;;;;;;;
;;;;;;;;
;;;;;;;;
;;;;;;;;
;;;;;;;;
;;;;;;;;
;;;;;;;;
;;;;;;;;
;;;;;;;;
;;;;;;;;
;;;;;;;;
;;;;;;;;
;;;;;;;;
;;;;;;;;
;;;;;;;;
;;;;;;;;
;;;;;;;;
;;;;;;;;
;;;;;;;;
;;;;;;;;
;;;;;;;;
;;;;;;;;
;;;;;;;;
;;;;;;;;
;;;;;;;;
;;;;;;;;
;;;;;;;;
;;;;;;;;
;;;;;;;;
;;;;;;;;
;;;;;;;;
;;;;;;;;
;;;;;;;;
;;;;;;;;
;;;;;;;;
;;;;;;;;
;;;;;;;;
;;;;;;;;
;;;;;;;;
;;;;;;;;
;;;;;;;;
;;;;;;;;
;;;;;;;;
;;;;;;;;
;;;;;;;;
;;;;;;;;
;;;;;;;;
;;;;;;;;
;;;;;;;;
;;;;;;;;
;;;;;;;;
;;;;;;;;
;;;;;;;;
;;;;;;;;
;;;;;;;;
;;;;;;;;
;;;;;;;;
;;;;;;;;
;;;;;;;;
;;;;;;;;
;;;;;;;;
;;;;;;;;
;;;;;;;;
;;;;;;;;
;;;;;;;;
;;;;;;;;
;;;;;;;;
;;;;;;;;
;;;;;;;;
;;;;;;;;
;;;;;;;;
;;;;;;;;
;;;;;;;;
;;;;;;;;
;;;;;;;;
;;;;;;;;
;;;;;;;;
;;;;;;;;
;;;;;;;;
;;;;;;;;
;;;;;;;;
;;;;;;;;
;;;;;;;;
;;;;;;;;
;;;;;;;;
;;;;;;;;
;;;;;;;;
;;;;;;;;
;;;;;;;;
;;;;;;;;
;;;;;;;;
;;;;;;;;
;;;;;;;;
;;;;;;;;
;;;;;;;;
;;;;;;;;
;;;;;;;;
;;;;;;;;
;;;;;;;;
;;;;;;;;
;;;;;;;;
;;;;;;;;
;;;;;;;;
;;;;;;;;
;;;;;;;;
;;;;;;;;
;;;;;;;;
;;;;;;;;
;;;;;;;;
;;;;;;;;
;;;;;;;;
;;;;;;;;
;;;;;;;;
;;;;;;;;
;;;;;;;;
;;;;;;;;
;;;;;;;;
;;;;;;;;
;;;;;;;;
;;;;;;;;
;;;;;;;;
;;;;;;;;
;;;;;;;;
;;;;;;;;
;;;;;;;;
;;;;;;;;
;;;;;;;;
;;;;;;;;
;;;;;;;;
;;;;;;;;
;;;;;;;;
;;;;;;;;
;;;;;;;;
;;;;;;;;
;;;;;;;;
;;;;;;;;
;;;;;;;;
;;;;;;;;
;;;;;;;;
;;;;;;;;
;;;;;;;;
;;;;;;;;
;;;;;;;;
;;;;;;;;
;;;;;;;;
;;;;;;;;
;;;;;;;;
;;;;;;;;
;;;;;;;;
;;;;;;;;
;;;;;;;;
;;;;;;;;
;;;;;;;;
;;;;;;;;
;;;;;;;;
;;;;;;;;
;;;;;;;;
;;;;;;;;
;;;;;;;;
;;;;;;;;
;;;;;;;;
;;;;;;;;
;;;;;;;;
;;;;;;;;
;;;;;;;;
;;;;;;;;
;;;;;;;;
;;;;;;;;
;;;;;;;;
;;;;;;;;
;;;;;;;;
;;;;;;;;
;;;;;;;;
;;;;;;;;
;;;;;;;;
;;;;;;;;
;;;;;;;;
;;;;;;;;
;;;;;;;;
;;;;;;;;
;;;;;;;;
;;;;;;;;
;;;;;;;;
;;;;;;;;
;;;;;;;;
;;;;;;;;
;;;;;;;;
;;;;;;;;
;;;;;;;;
;;;;;;;;
;;;;;;;;
;;;;;;;;
;;;;;;;;
;;;;;;;;
;;;;;;;;
;;;;;;;;
;;;;;;;;
;;;;;;;;
;;;;;;;;
;;;;;;;;
;;;;;;;;
;;;;;;;;
;;;;;;;;
;;;;;;;;
;;;;;;;;
;;;;;;;;
;;;;;;;;
;;;;;;;;
;;;;;;;;
;;;;;;;;
;;;;;;;;
;;;;;;;;
;;;;;;;;
;;;;;;;;
;;;;;;;;
;;;;;;;;
;;;;;;;;
;;;;;;;;
;;;;;;;;
;;;;;;;;
;;;;;;;;
;;;;;;;;
;;;;;;;;
;;;;;;;;
;;;;;;;;
;;;;;;;;
;;;;;;;;
;;;;;;;;
;;;;;;;;
;;;;;;;;
;;;;;;;;
;;;;;;;;
;;;;;;;;
;;;;;;;;
;;;;;;;;
;;;;;;;;
;;;;;;;;
;;;;;;;;
;;;;;;;;
;;;;;;;;
;;;;;;;;
;;;;;;;;
;;;;;;;;
;;;;;;;;
;;;;;;;;
;;;;;;;;
;;;;;;;;
;;;;;;;;
;;;;;;;;
;;;;;;;;
;;;;;;;;
;;;;;;;;
;;;;;;;;
;;;;;;;;
;;;;;;;;
;;;;;;;;
;;;;;;;;
;;;;;;;;
;;;;;;;;
;;;;;;;;
;;;;;;;;
;;;;;;;;
;;;;;;;;
;;;;;;;;
;;;;;;;;
;;;;;;;;
;;;;;;;;
;;;;;;;;
;;;;;;;;
;;;;;;;;
;;;;;;;;
;;;;;;;;
;;;;;;;;
;;;;;;;;
;;;;;;;;
;;;;;;;;
;;;;;;;;
;;;;;;;;
;;;;;;;;
;;;;;;;;
;;;;;;;;
;;;;;;;;
;;;;;;;;
;;;;;;;;
;;;;;;;;
;;;;;;;;
;;;;;;;;
;;;;;;;;
;;;;;;;;
;;;;;;;;
;;;;;;;;
;;;;;;;;
;;;;;;;;
;;;;;;;;
;;;;;;;;
;;;;;;;;
;;;;;;;;
;;;;;;;;
;;;;;;;;
;;;;;;;;
;;;;;;;;
;;;;;;;;
;;;;;;;;
;;;;;;;;
;;;;;;;;
;;;;;;;;
;;;;;;;;
;;;;;;;;
;;;;;;;;
;;;;;;;;
;;;;;;;;
;;;;;;;;
;;;;;;;;
;;;;;;;;
;;;;;;;;
;;;;;;;;
;;;;;;;;
;;;;;;;;
;;;;;;;;
;;;;;;;;
;;;;;;;;
;;;;;;;;
;;;;;;;;
;;;;;;;;
;;;;;;;;
;;;;;;;;
;;;;;;;;
;;;;;;;;
;;;;;;;;
;;;;;;;;
;;;;;;;;
;;;;;;;;
;;;;;;;;
;;;;;;;;
;;;;;;;;
;;;;;;;;
;;;;;;;;
;;;;;;;;
;;;;;;;;
;;;;;;;;
;;;;;;;;
;;;;;;;;
;;;;;;;;
;;;;;;;;
;;;;;;;;
;;;;;;;;
;;;;;;;;
;;;;;;;;
;;;;;;;;
;;;;;;;;
;;;;;;;;
;;;;;;;;
;;;;;;;;
;;;;;;;;
;;;;;;;;
;;;;;;;;
;;;;;;;;
;;;;;;;;
;;;;;;;;
;;;;;;;;
;;;;;;;;
;;;;;;;;
;;;;;;;;
;;;;;;;;
;;;;;;;;
;;;;;;;;
;;;;;;;;
;;;;;;;;
;;;;;;;;
;;;;;;;;
;;;;;;;;
;;;;;;;;
;;;;;;;;
;;;;;;;;
;;;;;;;;
;;;;;;;;
;;;;;;;;
;;;;;;;;
;;;;;;;;
;;;;;;;;
;;;;;;;;
;;;;;;;;
;;;;;;;;
;;;;;;;;
;;;;;;;;
;;;;;;;;
;;;;;;;;
;;;;;;;;
;;;;;;;;
;;;;;;;;
;;;;;;;;
;;;;;;;;
;;;;;;;;
;;;;;;;;
;;;;;;;;
;;;;;;;;
;;;;;;;;
;;;;;;;;
;;;;;;;;
;;;;;;;;
;;;;;;;;
;;;;;;;;
;;;;;;;;
;;;;;;;;
;;;;;;;;
;;;;;;;;
;;;;;;;;
;;;;;;;;
;;;;;;;;
;;;;;;;;
;;;;;;;;
;;;;;;;;
;;;;;;;;
;;;;;;;;
;;;;;;;;
;;;;;;;;
;;;;;;;;
;;;;;;;;
;;;;;;;;
;;;;;;;;
;;;;;;;;
;;;;;;;;
;;;;;;;;
;;;;;;;;
;;;;;;;;
;;;;;;;;
;;;;;;;;
;;;;;;;;
;;;;;;;;
;;;;;;;;
;;;;;;;;
;;;;;;;;
;;;;;;;;
;;;;;;;;
;;;;;;;;
;;;;;;;;
;;;;;;;;
;;;;;;;;
;;;;;;;;
;;;;;;;;
;;;;;;;;
;;;;;;;;
;;;;;;;;
;;;;;;;;
;;;;;;;;
;;;;;;;;
;;;;;;;;
;;;;;;;;
;;;;;;;;
;;;;;;;;
;;;;;;;;
;;;;;;;;
;;;;;;;;
;;;;;;;;
;;;;;;;;
;;;;;;;;
;;;;;;;;
;;;;;;;;
;;;;;;;;
;;;;;;;;
;;;;;;;;
;;;;;;;;
;;;;;;;;
;;;;;;;;
;;;;;;;;
;;;;;;;;
;;;;;;;;
;;;;;;;;
;;;;;;;;
;;;;;;;;
;;;;;;;;
;;;;;;;;
;;;;;;;;
;;;;;;;;
;;;;;;;;
;;;;;;;;
;;;;;;;;
;;;;;;;;
;;;;;;;;
;;;;;;;;
;;;;;;;;
;;;;;;;;
;;;;;;;;
;;;;;;;;
;;;;;;;;
;;;;;;;;
;;;;;;;;
;;;;;;;;
;;;;;;;;
;;;;;;;;
;;;;;;;;
;;;;;;;;
;;;;;;;;
;;;;;;;;
;;;;;;;;
;;;;;;;;
;;;;;;;;
;;;;;;;;
;;;;;;;;
;;;;;;;;
;;;;;;;;
;;;;;;;;
;;;;;;;;
;;;;;;;;
;;;;;;;;
;;;;;;;;
;;;;;;;;
;;;;;;;;
;;;;;;;;
;;;;;;;;
;;;;;;;;
;;;;;;;;
;;;;;;;;
;;;;;;;;
;;;;;;;;
;;;;;;;;
;;;;;;;;
;;;;;;;;
;;;;;;;;
;;;;;;;;
;;;;;;;;
;;;;;;;;
;;;;;;;;
;;;;;;;;
;;;;;;;;
;;;;;;;;
;;;;;;;;
;;;;;;;;
;;;;;;;;
;;;;;;;;
;;;;;;;;
;;;;;;;;
;;;;;;;;
;;;;;;;;
;;;;;;;;
;;;;;;;;
;;;;;;;;
;;;;;;;;
;;;;;;;;
;;;;;;;;
;;;;;;;;
;;;;;;;;
;;;;;;;;
;;;;;;;;
;;;;;;;;
;;;;;;;;
;;;;;;;;
;;;;;;;;
;;;;;;;;
;;;;;;;;
;;;;;;;;
;;;;;;;;
;;;;;;;;
;;;;;;;;
;;;;;;;;
;;;;;;;;
;;;;;;;;
;;;;;;;;
;;;;;;;;
;;;;;;;;
;;;;;;;;
;;;;;;;;
;;;;;;;;
;;;;;;;;
;;;;;;;;
;;;;;;;;
;;;;;;;;
;;;;;;;;
;;;;;;;;
;;;;;;;;
;;;;;;;;
;;;;;;;;
;;;;;;;;
;;;;;;;;
;;;;;;;;
;;;;;;;;
;;;;;;;;
;;;;;;;;
;;;;;;;;
;;;;;;;;
;;;;;;;;
;;;;;;;;
;;;;;;;;
;;;;;;;;
;;;;;;;;
;;;;;;;;
;;;;;;;;
;;;;;;;;
;;;;;;;;
;;;;;;;;
;;;;;;;;
;;;;;;;;
;;;;;;;;
;;;;;;;;
;;;;;;;;
;;;;;;;;
;;;;;;;;
;;;;;;;;
;;;;;;;;
;;;;;;;;
;;;;;;;;
;;;;;;;;
;;;;;;;;
;;;;;;;;
;;;;;;;;
;;;;;;;;
;;;;;;;;
;;;;;;;;
;;;;;;;;
;;;;;;;;
;;;;;;;;
;;;;;;;;
;;;;;;;;
;;;;;;;;
;;;;;;;;
;;;;;;;;
;;;;;;;;
;;;;;;;;
;;;;;;;;
;;;;;;;;
;;;;;;;;
;;;;;;;;
;;;;;;;;
;;;;;;;;
;;;;;;;;
;;;;;;;;
;;;;;;;;
;;;;;;;;
;;;;;;;;
;;;;;;;;
;;;;;;;;
;;;;;;;;
;;;;;;;;
;;;;;;;;
;;;;;;;;
;;;;;;;;
;;;;;;;;
;;;;;;;;
;;;;;;;;
;;;;;;;;
;;;;;;;;
;;;;;;;;
;;;;;;;;
;;;;;;;;
;;;;;;;;
;;;;;;;;
;;;;;;;;
;;;;;;;;
;;;;;;;;
;;;;;;;;
;;;;;;;;
;;;;;;;;
;;;;;;;;
;;;;;;;;
;;;;;;;;
;;;;;;;;
;;;;;;;;
;;;;;;;;
;;;;;;;;
;;;;;;;;
;;;;;;;;
;;;;;;;;
;;;;;;;;
;;;;;;;;
;;;;;;;;
;;;;;;;;
;;;;;;;;
;;;;;;;;
;;;;;;;;
;;;;;;;;
;;;;;;;;
;;;;;;;;
;;;;;;;;
;;;;;;;;
;;;;;;;;
;;;;;;;;
;;;;;;;;
;;;;;;;;
;;;;;;;;
;;;;;;;;
;;;;;;;;
;;;;;;;;
;;;;;;;;
;;;;;;;;
;;;;;;;;
;;;;;;;;
;;;;;;;;
;;;;;;;;
;;;;;;;;
;;;;;;;;
;;;;;;;;
;;;;;;;;
;;;;;;;;
;;;;;;;;
;;;;;;;;
;;;;;;;;
;;;;;;;;
;;;;;;;;
;;;;;;;;
;;;;;;;;
;;;;;;;;
;;;;;;;;
;;;;;;;;
;;;;;;;;
;;;;;;;;
;;;;;;;;
;;;;;;;;
;;;;;;;;
;;;;;;;;
;;;;;;;;
;;;;;;;;
;;;;;;;;
;;;;;;;;
;;;;;;;;
;;;;;;;;
;;;;;;;;
;;;;;;;;
;;;;;;;;
;;;;;;;;
;;;;;;;;
;;;;;;;;
;;;;;;;;
;;;;;;;;
;;;;;;;;
;;;;;;;;
;;;;;;;;
;;;;;;;;
;;;;;;;;
;;;;;;;;
;;;;;;;;
;;;;;;;;
;;;;;;;;
;;;;;;;;
;;;;;;;;
;;;;;;;;
;;;;;;;;
;;;;;;;;
;;;;;;;;
;;;;;;;;
;;;;;;;;
;;;;;;;;
;;;;;;;;
;;;;;;;;
;;;;;;;;
;;;;;;;;
;;;;;;;;
;;;;;;;;
;;;;;;;;
;;;;;;;;
;;;;;;;;
;;;;;;;;
;;;;;;;;
;;;;;;;;
;;;;;;;;
;;;;;;;;
;;;;;;;;
;;;;;;;;
;;;;;;;;
;;;;;;;;
;;;;;;;;
;;;;;;;;
;;;;;;;;
;;;;;;;;
;;;;;;;;
;;;;;;;;
;;;;;;;;
;;;;;;;;
;;;;;;;;
;;;;;;;;
;;;;;;;;
;;;;;;;;
;;;;;;;;
;;;;;;;;
;;;;;;;;
;;;;;;;;
;;;;;;;;
;;;;;;;;
;;;;;;;;
;;;;;;;;
;;;;;;;;
;;;;;;;;
